date,variant,peak,integral_abs,integral_rel,chemical_shift_ppm
20181017,WT,Pi,5648568.19,0.1932,2.266
20181017,WT,beta_GDP_bound,9644595.25,0.3299,-1.9334
20181017,WT,beta_GDP_free,7648555.86,0.2616,-5.6796
20181017,WT,gamma1,3323575.55,0.1137,-6.5038
20181017,WT,gamma2,22622896.12,0.7738,-7.9767
20181017,WT,alpha,54415677.29,1.8612,-10.2938
20181017,WT,beta_GTP_bound,29237389.39,1,-16.0191
20180906,T34A,Pi,3123459.87,0.1415,2.2843
20180906,T34A,beta_GDP_bound,20249371.41,0.9171,-1.6776
20180906,T34A,beta_GDP_free,10583136.37,0.4793,-5.5398
20180906,T34A,gamma1,18657641.76,0.845,-6.6576
20180906,T34A,gamma2,2725509.65,0.1234,-7.8688
20180906,T34A,alpha,55228738.11,2.5013,-9.9594
20180906,T34A,beta_GTP_bound,22080038.47,1,-15.957
20180919,T34E,Pi,2754938.35,0.3262,2.2349
20180919,T34E,beta_GDP_bound,12253795.85,1.4507,-2.1271
20180919,T34E,beta_GDP_free,7607654.02,0.9007,-5.7436
20180919,T34E,gamma1,6409463.1,0.7588,-6.6262
20180919,T34E,alpha,32881983.74,3.893,-10.1824
20180919,T34E,beta_GTP_bound,8446530.69,1,-16.0246
20180914,R108L,Pi,4206132.83,0.131,2.0833
20180914,R108L,beta_GDP_bound,6736171.54,0.2098,-2.2112
20180914,R108L,beta_GDP_free,2806969.13,0.0874,-5.6522
20180914,R108L,gamma1,4755368.05,0.1481,-6.5787
20180914,R108L,gamma2,23195361.68,0.7223,-8.0936
20180914,R108L,alpha,48387135.46,1.5068,-10.1531
20180914,R108L,beta_GTP_bound,32111469.99,1,-16.0538
20190122,Q147E,Pi,3510945.22,0.1836,2.3007
20190122,Q147E,beta_GDP_bound,5011436.87,0.2621,-1.8863
20190122,Q147E,beta_GDP_free,2908516.88,0.1521,-5.6723
20190122,Q147E,gamma1,7561987.95,0.3955,-6.5714
20190122,Q147E,gamma2,8847791.62,0.4628,-7.9566
20190122,Q147E,alpha,32536283.95,1.7017,-10.1568
20190122,Q147E,beta_GTP_bound,19119895.83,1,-15.9533
20180907,D79S,Pi,5650591.22,0.1689,1.8694
20180907,D79S,beta_GDP_bound,5800999.7,0.1734,-2.1563
20180907,D79S,beta_GDP_free,1593772.47,0.0476,-5.7192
20180907,D79S,gamma1,2457917.84,0.0735,-6.6116
20180907,D79S,gamma2,26837104.67,0.8023,-8.1356
20180907,D79S,alpha,51118547.26,1.5281,-10.3779
20180907,D79S,beta_GTP_bound,33451796.38,1,-16.1726
20180913,G80A,Pi,8669070.09,0.2371,2.1691
20180913,G80A,beta_GDP_bound,10841269.07,0.2965,-1.7927
20180913,G80A,beta_GDP_free,5797814.64,0.1586,-5.7034
20180913,G80A,gamma1,5438102.85,0.1487,-6.5604
20180913,G80A,gamma2,27188212.63,0.7436,-8.0808
20180913,G80A,alpha,61831628.28,1.6912,-10.2518
20180913,G80A,beta_GTP_bound,36561178.95,1,-16.063
20180912,T34G,Pi,5649619.8,0.1857,2.1819
20180912,T34G,beta_GDP_bound,8745119.55,0.2874,-1.9444
20180912,T34G,beta_GDP_free,7931144.41,0.2607,-5.701
20180912,T34G,gamma1,10130843.22,0.333,-6.6204
20180912,T34G,gamma2,18118345.93,0.5955,-7.8579
20180912,T34G,alpha,53862892.24,1.7704,-10.1933
20180912,T34G,beta_GTP_bound,30424298.43,1,-15.8766
20180912,T34G,beta_GTP_free,2014916.09,0.0662,-19.2335
20180918,H141R,Pi,1304301.83,0.2504,2.1114
20180918,H141R,beta_GDP_bound,2471845.35,0.4746,-2.0138
20180918,H141R,gamma2,4860794.17,0.9333,-8.0315
20180918,H141R,alpha,9154404.79,1.7578,-10.2244
20180918,H141R,beta_GTP_bound,5207944.08,1,-16.1324
20180921,T34Q,Pi,6435367.62,0.8407,2.3702
20180921,T34Q,beta_GDP_bound,20045587.69,2.6187,-1.8713
20180921,T34Q,beta_GDP_free,8260553.12,1.0791,-5.7783
20180921,T34Q,gamma1,6831778.35,0.8925,-6.5549
20180921,T34Q,alpha,38933125.96,5.0861,-10.122
20180921,T34Q,beta_GTP_bound,7654797.94,1,-16.041
20180915,Y157A,Pi,3809089.88,0.2554,2.1509
20180915,Y157A,beta_GDP_bound,4522823.89,0.3033,-1.9718
20180915,Y157A,gamma2,13247163.62,0.8883,-8.0096
20180915,Y157A,alpha,23919309.23,1.6039,-10.3413
20180915,Y157A,beta_GTP_bound,14913242.64,1,-15.9442
20181009,T34L,Pi,6549581.41,0.5814,2.3318
20181009,T34L,beta_GDP_bound,18467452.5,1.6393,-1.7105
20181009,T34L,beta_GDP_free,11225971.51,0.9965,-5.7143
20181009,T34L,gamma1,8054350.37,0.715,-6.5239
20181009,T34L,gamma2,2775827.95,0.2464,-7.9066
20181009,T34L,alpha,44440383.5,3.9449,-9.8918
20181009,T34L,beta_GTP_bound,11265304.3,1,-15.9186
20190515,R78K,Pi,3000945.89,0.0779,2.213
20190515,R78K,beta_GDP_bound,9622536.6,0.2498,-1.895
20190515,R78K,beta_GDP_free,15140847.21,0.3931,-5.5481
20190515,R78K,gamma1,8325636.32,0.2161,-6.5461
20190515,R78K,gamma2,24602717.41,0.6387,-8.0329
20190515,R78K,alpha,70377692.76,1.827,-10.2089
20190515,R78K,beta_GTP_bound,38520171.76,1,-15.6792
20190515,R78K,beta_GTP_free,3830258.74,0.0994,-19.1879
20180511,K132H,Pi,1129363.07,0.17,2.0906
20180511,K132H,beta_GDP_bound,1245808.74,0.1876,-2.0449
20180511,K132H,beta_GDP_free,1344779.06,0.2025,-5.6504
20180511,K132H,gamma2,5747157.41,0.8652,-8.0534
20180511,K132H,alpha,11371677.84,1.712,-10.3925
20180511,K132H,beta_GTP_bound,6642303.82,1,-15.9369
20180511,K132H,beta_GTP_free,1664548.23,0.2506,-19.1659