Gsp1_mutant,arp1,dyn1,dyn3,jnm1,ldb18,nip100,num1,pac1,pac11,arp6,htz1,swc3,swr1,vps71,vps72,brr1,hog1,pbs2,rud3,ssk1,ssk2,mud1,not5,gbp2,crd1,mdm38,rim1,pet123,mip1,rpo41,img2,dep1,pho23,rxt2,sap30
H141E,-7.635901,-3.043464,-3.868154,-8.719247,-2.398454,-6.701429,-8.844602,-4.239453,-4.248482,-10.487762,-15.277879,-13.107556,-12.552771,-10.736511,-9.7142,-0.609506,-2.941135,-5.341969,-4.616416,-1.893266,-1.763652,3.025604,2.17562,2.914917,2.764985,3.41939,4.152057,2.347752,2.805039,3.105394,3.080296,-1.110089,0.816368,1.675328,-0.155098
Y157A,0.398157,0.137998,0.454442,0.773039,0.321083,0.679243,0.731696,0.117926,-0.169003,-0.921664,-2.192937,-2.064375,-2.812797,-0.926701,-1.806788,-0.085789,0.244764,-1.191297,0.444632,-0.105518,0.21819,0.577384,0.258608,-0.091202,0.673042,0.511203,-0.10629,0.500619,0.635015,0.308372,0.803493,1.035258,1.14019,0.725573,0.410757
D79A,-4.373467,-6.212842,-3.46683,-6.078624,-3.721057,-0.328382,-5.534391,-6.516564,-4.233271,-7.503221,-3.609022,-8.849612,-7.496465,-7.036543,-3.13914,-1.996544,-1.908506,-4.692155,-4.200668,-0.293485,-1.927641,3.608387,3.59897,7.207189,3.741527,4.883096,4.679249,3.826018,3.265186,2.942138,4.484257,3.950006,5.275535,5.744547,5.019493
D79S,0.093446,-0.412051,0.42049,0.483278,-0.176175,1.355335,-0.482106,-0.671031,-1.242133,-0.702726,0.074532,-1.04672,-1.939878,-0.362729,-0.210073,-3.042449,-1.781357,-3.042987,-3.607882,-1.26897,-1.692768,0.975764,0.674605,2.142397,2.603072,1.862618,2.629415,1.965563,2.108942,2.29364,2.523606,3.090942,2.77197,3.190287,2.325747
T34Q,1.073755,0.522073,0.363594,0.883691,0.92778,0.522607,1.599942,0.485151,0.636508,-0.811331,-1.624053,-0.058667,-1.894605,-0.534511,-0.683032,-0.171256,-2.954735,-3.518743,-4.160868,-1.691257,-3.567258,0.836225,0.713737,1.416183,2.597896,2.346175,1.598693,2.006912,2.550669,3.141731,3.646661,2.548176,2.780063,2.198092,2.875599
T34E,0.678908,0.372211,0.342032,1.599366,1.060055,1.059901,1.936113,-0.097862,0.108762,1.272863,0.918713,0.349961,0.064704,-0.213511,0.928419,-1.749956,-2.69326,-4.205966,-4.677476,-2.65091,-3.27181,-0.347058,0.21975,-0.201775,1.721345,1.291897,1.473225,0.737733,1.803132,1.981578,2.477684,2.742089,2.649172,2.439874,2.095258
K101R,0.88067,0.587235,1.301268,0.753241,1.341473,1.66834,1.436125,0.639365,1.408247,1.361915,1.585315,1.971134,1.671612,0.898008,1.299033,2.313688,-0.187319,-1.926814,-0.617995,0.237781,0.168023,-0.041735,0.585516,0.766491,1.874465,1.869451,0.862897,2.005807,1.795037,1.859592,2.141301,3.610537,3.28782,3.102778,3.159443
T34G,0.944697,-7.365289,-2.609804,-2.828704,-3.313136,-0.706519,-2.762786,-4.211255,-3.972499,-2.882125,-7.586875,-4.023451,-4.221399,-3.921224,-1.453702,-11.594759,-6.148697,-11.268174,-5.383775,-6.778024,-6.547451,0.150715,1.046287,0.71284,2.781772,2.725573,2.883042,1.961045,2.336851,2.777243,3.404702,-2.090704,-2.703406,-0.623936,-3.437845
T34A,-0.019681,0.833605,0.82568,0.635562,0.581983,1.261725,1.184244,0.294685,0.468413,-0.397293,0.104408,1.076229,0.267723,0.056878,0.111494,0.243546,-0.238951,-1.641451,-0.715572,-0.399735,-0.11068,-0.152968,-0.441924,0.195954,0.111155,0.001291,-0.761438,0.55831,1.600441,0.02959,0.477953,1.060124,0.595712,0.640655,0.213753
R108L,0.882609,0.492073,0.424014,0.63429,0.066892,1.260877,0.04154,0.935948,0.042129,0.915122,0.854552,0.116489,0.882228,1.40038,1.119716,3.948868,1.979787,1.267365,0.755325,1.927429,1.421087,0.362573,0.607935,1.840981,0.628323,1.103775,1.026378,0.820124,1.103503,1.158351,1.673221,1.001931,1.224205,1.489523,2.022311
R108I,0.220035,-0.244227,0.97532,-0.027007,0.482291,1.413935,0.337913,0.328588,0.162704,0.821295,0.065974,-0.044128,0.302681,-0.498308,0.108575,1.207799,0.390986,0.427253,-0.424168,0.6944,0.411351,0.037744,-0.498945,0.396513,0.033278,-0.059684,-0.157887,-0.190994,-0.021339,-0.046608,-0.134682,-0.169113,-0.82574,-0.866282,0.708791
Q147E,-0.117463,-1.238512,0.192907,-0.193407,-0.02309,0.36984,-0.818827,0.168666,0.336777,0.131363,0.036998,0.17966,0.061417,0.205867,-0.009147,-0.947716,-0.458115,-1.19089,-0.065321,-0.711218,0.527039,-0.128589,0.051054,-0.085505,-0.723002,-0.34574,0.171461,0.0182,0.101872,0.364302,-0.217216,0.909357,0.219343,-0.329159,0.190981
H141I,-5.085999,-0.181727,-2.091678,-4.774054,-2.682608,-4.333982,-3.417797,-0.76836,-1.594799,-1.275615,-1.23737,-1.151404,-0.631437,-1.041707,-0.528663,-0.597608,0.330878,0.577763,0.236982,0.673311,0.178763,0.007798,0.489663,-0.198286,0.114019,0.624302,-0.781206,-0.750151,-0.967009,-0.837224,-0.987247,-1.631905,-1.030926,-1.344419,-0.785241
G80A,-3.927135,-1.911704,-2.004755,-3.804641,-2.747165,-1.651052,-3.654087,-1.926561,-1.344577,-0.20822,0.346704,0.117363,0.222137,-0.091647,0.176682,-0.766438,-1.011039,-0.237004,-1.785366,-0.53958,-0.917955,-0.079263,-0.502427,-0.081024,0.233711,0.30312,0.621469,0.7479,0.44249,0.786276,0.551385,1.079812,0.292853,0.474621,0.619342
H141R,-14.900133,-7.163716,-9.557591,-12.130706,-4.862463,-11.93239,-14.40028,-4.711919,-7.418708,-1.721256,0.032896,-1.763244,-0.419026,-0.473484,0.075054,2.607561,3.285072,2.664889,1.542826,1.835208,1.574108,0.866769,1.888287,2.58402,2.164019,2.674687,2.973399,2.388236,2.090978,1.712146,2.404337,0.992146,2.831248,3.262989,2.334113
R112A,-6.760141,-1.924292,-2.629679,-6.225753,-1.814436,-3.612481,-6.45897,-1.261211,-3.179955,-4.769167,-4.085957,-0.976961,-4.596925,-4.099349,-5.67903,5.241409,3.548287,3.462626,2.239312,3.633114,3.475245,2.138875,3.961024,3.602339,2.392264,2.740043,3.725851,2.329619,2.871853,3.138503,2.951409,2.408087,4.370129,4.402772,3.975445
R112S,-6.12822,-2.098543,-2.563696,-4.486561,-3.674328,-4.174609,-5.850718,-2.064539,-2.952175,-4.746308,-6.702659,-5.957066,-9.059228,-6.378438,-6.1562,5.277209,3.32201,1.041699,0.661528,1.804131,1.704809,2.595224,2.83825,2.9799,3.068992,3.09849,5.298079,2.989672,2.814048,3.255584,3.557538,2.901822,5.243775,4.836892,4.917642
R108Y,-8.968547,-1.328519,-2.924757,-7.693952,-4.542589,-7.872344,-10.359859,-1.108591,-2.744814,-2.213071,-2.703497,-2.407961,-2.826998,-1.381975,-1.527554,3.346294,3.149615,2.408627,1.373797,2.039608,1.790724,-0.131373,0.722919,1.567326,2.36328,1.961595,1.552828,1.366101,0.663963,1.669809,2.078996,0.447621,0.953937,1.147499,1.158293
R108Q,-7.872072,-1.126933,-2.051976,-8.066207,-3.161469,-6.723444,-7.56716,-0.797465,-1.692955,0.173467,0.077623,-1.28708,-0.941959,-1.257594,-0.467107,2.647781,1.7044570000000001,2.071171,0.617643,1.713042,1.285567,-0.222541,0.847252,0.132612,0.880277,0.601723,0.429112,-0.1218,0.128074,-0.206077,0.004227,-1.266002,0.090234,1.055085,0.84889
Y148I,-5.243423,-1.771829,-2.079782,-5.865159,-3.312042,-5.11988,-4.827939,-0.938268,-1.304087,-0.483811,-0.847137,-1.072342,-0.372719,-1.072778,-1.190943,0.553012,0.582783,1.012102,0.351527,0.530393,0.845465,-0.412529,-0.367438,-0.19136,-0.637353,0.46504,-0.603324,-0.615899,-1.346314,-0.1213,-0.597128,-2.175288,-0.505206,-2.143112,-0.914368
R108G,-5.698937,-1.366072,-2.044671,-6.084854,-4.33514,-5.556345,-5.562802,-0.657625,-1.952514,-0.415409,-1.493132,-1.273523,-1.055885,-0.27827,-1.003456,1.134187,0.442178,0.998643,0.520954,0.268577,0.310017,0.13997,0.023655,0.097281,-0.302287,0.395164,-0.168073,0.182124,-0.42632,-0.274212,-1.105261,-1.530761,-0.922821,-0.711628,-0.072526
R108A,-2.267607,-0.828897,-0.995238,-3.214754,-2.021013,-1.141117,-2.500415,-0.384601,-0.617469,-0.888086,-0.951692,-0.505495,-0.882823,-1.468623,-0.716439,0.596742,0.687735,0.297104,0.26516,0.600726,0.076435,-0.143089,-0.11019,0.777184,-0.592142,-0.125866,-1.586888,-0.612391,-1.134161,-0.159449,-1.087155,-1.559067,-0.680229,-1.33298,-0.609204
R78K,4.585721,2.997049,4.405311,4.582,4.427051,3.564223,2.692864,2.688544,2.091009,5.461536,0.198469,-0.104076,0.75427,-0.202844,1.257838,3.069983,3.15012,-0.718151,0.312407,2.457234,0.264351,0.044432,-0.388648,-0.869893,-2.893374,-1.83864,-2.135819,-0.340442,-1.156989,-1.435609,-1.587563,1.875201,-1.28242,3.302382,0.689316
