mutant	measure	value	se
K132H	rel_GAP_kcat_Km	0.04645484401446103	0.005107704982150063
K132H	rel_GEF_kcat_Km	0.34963075612623545	0.1189410186642498
D79S	rel_GAP_kcat_Km	0.1145372464425473	0.025278875418506108
D79S	rel_GEF_kcat_Km	0.7998446288030608	0.22602959182590124
T34Q	rel_GAP_kcat_Km	0.09631566661388544	0.013055879310916845
T34Q	rel_GEF_kcat_Km	0.41265731790064275	0.08352495508988013
T34A	rel_GAP_kcat_Km	0.155963778473749	0.02668643473530705
T34A	rel_GEF_kcat_Km	0.656280518941621	0.19059789755030182
D79A	rel_GAP_kcat_Km	0.14747790774068023	0.027910115986577853
D79A	rel_GEF_kcat_Km	0.3713499490036471	0.06877750120942944
T34G	rel_GAP_kcat_Km	0.27366213277290274	0.04693953652343096
T34G	rel_GEF_kcat_Km	0.5620176925253352	0.14126418638880409
T34E	rel_GAP_kcat_Km	0.24976658769850663	0.0283825143593688
T34E	rel_GEF_kcat_Km	0.5125675198093883	0.11376646730378352
A180T	rel_GAP_kcat_Km	0.42814283112389634	0.04392649020618721
A180T	rel_GEF_kcat_Km	0.6111556356348619	0.09624298863529798
T34L	rel_GAP_kcat_Km	0.2893384755662952	0.04439365218963976
T34L	rel_GEF_kcat_Km	0.3710688553701727	0.09656511854191087
R78K	rel_GAP_kcat_Km	0.09159254039898754	0.01610267650489545
R78K	rel_GEF_kcat_Km	0.10565306947316247	0.021392277030108358
WT	rel_GAP_kcat_Km	1	0.14020961224128306
WT	rel_GEF_kcat_Km	1	0.19187875333541998
Q147E	rel_GAP_kcat_Km	0.44831250575231496	0.0752793672457253
Q147E	rel_GEF_kcat_Km	0.42962234450277764	0.0818440028366736
R112S	rel_GAP_kcat_Km	0.06425597550233675	0.01014128868416162
R112S	rel_GEF_kcat_Km	0.058390565590040786	0.021916205797628378
R108A	rel_GAP_kcat_Km	1.6175477014224338	0.22616704231837254
R108A	rel_GEF_kcat_Km	0.9831708512191776	0.2187110828542877
G80A	rel_GAP_kcat_Km	1.1110723333595718	0.1255673667311884
G80A	rel_GEF_kcat_Km	0.36965681454417915	0.1313825102971318
F58A	rel_GAP_kcat_Km	1.379306634473626	0.178215133902048
F58A	rel_GEF_kcat_Km	0.37399883266501044	0.06389746348302035
K143W	rel_GAP_kcat_Km	2.768399752215814	0.30543436369428
K143W	rel_GEF_kcat_Km	0.5657524997793725	0.19184208052769067
H141R	rel_GAP_kcat_Km	2.1694078294458907	0.2449214732349279
H141R	rel_GEF_kcat_Km	0.3675375973338522	0.10588438879967103
Y157A	rel_GAP_kcat_Km	2.2229754859584245	0.28934943943925095
Y157A	rel_GEF_kcat_Km	0.29190128151741584	0.07917194748466026
R108I	rel_GAP_kcat_Km	0.16461284466805096	0.017334420387974493
R108I	rel_GEF_kcat_Km	0.01676221886930549	0.0030992346515482114
R108G	rel_GAP_kcat_Km	3.1712171237872147	0.38440142401842925
R108G	rel_GEF_kcat_Km	0.19666309454804634	0.02988156013985076
R108Q	rel_GAP_kcat_Km	2.359105565671968	0.23826617331881514
R108Q	rel_GEF_kcat_Km	0.13499146086162583	0.021133441628798107
R108Y	rel_GAP_kcat_Km	1.544970231504867	0.2884068691299068
R108Y	rel_GEF_kcat_Km	0.07115135956201946	0.01153569376350002
R108L	rel_GAP_kcat_Km	0.7446934935174652	0.13287690838907174
R108L	rel_GEF_kcat_Km	0.02127289745847923	0.0031972595006682716
K101R	rel_GAP_kcat_Km	1.7230756927646016	0.39339924268003923
K101R	rel_GEF_kcat_Km	0.00407491273357524	9.689037836002276e-4
