Gsp1_mutant,nup133,nup170,nup188,pom34,sac3,sem1,thp2,elp2,elp6,elp3,elp4,iki1,chl4,ctf19,iml3,irc15,mad1,mad2,mad3,mcm16,mcm21,mcm22,nkp1,pby1,rmi1
H141E,-5.254393,-6.80649,-9.835099,-8.740348,-4.576583,-10.663045,-10.618755,-2.464776,-0.477912,-0.708174,0.375139,0.444332,1.654603,-0.275599,-1.057466,-0.271789,-1.512339,1.72491,2.169474,0.179487,-0.605221,1.860613,0.789317,2.190623,-0.676364
Y157A,-4.586697,-2.158818,-4.778713,0.069273,2.623245,2.452372,2.795086,-0.283275,-0.63956,-0.412498,0.811504,-0.133616,1.529946,1.620999,0.619311,0.460408,0.317711,0.831582,0.509851,0.326002,1.87133,0.635579,-0.054814,0.636263,0.543597
D79A,-1.385141,-6.84076,-6.987344,-15.953069,-1.321985,-8.439593,-1.453364,2.305789,2.243401,3.061723,3.511297,3.601059,-12.24581,-17.076762,-12.288303,-9.204815,-9.017087,-15.638516,-12.06957,-10.252528,-9.457423,-11.102736,-3.278567,-4.081198,-5.991445
D79S,-9.684944,-5.120836,-15.807062,-17.200376,-7.948086,-14.512395,-8.271373,2.575194,1.579138,1.914122,2.289271,2.037472,-5.510847,-11.541488,-5.988939,-10.7147,-14.815569,-13.312317,-6.766713,-5.454242,-10.00821,-3.82188,-1.525487,-2.237315,-5.794427
T34Q,-8.484262,-12.370856,-15.08052,-17.029634,-5.429109,-8.118887,-8.090254,2.001243,1.158504,1.322911,2.035502,2.36882,-6.92094,-11.13472,-10.327585,-9.660085,-14.489843,-8.593254,-4.518893,-5.493654,-9.968853,-6.128241,-2.268646,-2.045877,-3.978822
T34E,-7.262498,-10.21952,-12.23376,-12.381138,-6.821502,-12.266158,-7.173132,2.30289,2.09087,2.06148,1.840401,2.625105,-5.024309,-10.005475,-4.743411,-7.501446,-9.740241,-10.115277,-3.564171,-3.938347,-7.764592,-3.275422,-1.048661,-1.925048,-2.698464
K101R,-3.85149,-9.216576,-6.873828,-15.125055,-4.328184,-11.171338,-7.830104,2.52806,1.394078,2.60551,1.765986,2.16706,-5.582395,-9.17665,-6.651626,-8.550005,-10.001052,-8.533901,-3.09256,-5.478587,-9.051232,-4.621942,-1.32304,-1.285702,-1.999891
T34G,-0.221709,-8.875975,-7.042188,-12.551408,-1.744084,-3.190451,1.620433,3.683168,3.144692,2.9754,3.467053,4.205471,-14.105125,-16.87925,-14.271201,-18.152263,-12.852831,-13.799157,-16.381167,-12.02558,-14.994404,-9.750923,-3.44558,-6.379024,-6.519402
T34A,-10.753913,-13.186239,-14.151936,-10.635079,-7.733997,-12.935419,-15.265494,0.126891,0.452436,0.006574,-0.312018,0.130996,-0.571069,-2.098216,-0.756007,-1.351036,-0.484503,0.48248,0.246959,-0.335144,-2.124792,-0.744323,0.589362,-0.159312,-0.333521
R108L,-9.11669,-17.166264,-14.243296,-13.920331,-5.774653,-14.774361,-17.108491,-0.249125,-1.350532,-0.409038,-0.78867,-0.216135,-0.360222,-0.090321,-0.791538,-0.411007,-0.588834,-0.221292,-0.094578,0.164044,-0.410838,0.139134,-0.724873,-0.018721,-0.341455
R108I,-2.107804,-8.801375,-7.068179,-5.432705,-6.39548,-10.132817,-10.590511,0.510797,0.063499,0.30866,0.217554,-0.519097,-0.032711,-0.773606,1.160719,0.265074,0.085687,-0.289146,0.052539,-0.630006,-0.364969,-0.511936,0.054424,-0.014867,-0.102371
Q147E,-9.407596,-8.336497,-5.62108,-7.425054,-7.136011,-17.440525,-15.914113,0.952176,0.730607,0.477653,0.847581,0.582215,0.356024,-0.744567,-0.478685,-0.507304,0.402595,0.274423,0.254832,0.157634,0.274353,-0.412066,-0.199109,0.29969,-0.425378
H141I,-8.668045,-10.079781,-6.014278,-7.791389,-8.347385,-13.044503,-13.250961,-2.398091,-2.339439,-1.47808,-2.066256,-1.496526,0.004906,0.153031,-0.671888,-0.07631,0.275647,0.173205,-0.160242,0.404764,0.157802,0.570964,1.011218,0.221573,0.221185
G80A,-6.903603,-2.986416,-7.322154,-5.95735,-3.669683,-7.409827,-7.622873,0.863648,0.769595,0.78106,0.695742,0.412904,0.008015,-0.660275,0.508263,-1.037589,-0.688897,-0.56596,-0.075241,0.081001,0.159126,-0.122159,-0.053189,-0.179508,-1.086547
H141R,-10.185682,NA,-12.127781,-11.387059,-4.667036,-5.290602,-6.922556,-6.651956,-5.224016,-4.85188,-4.154176,-2.877138,-0.388279,-0.846325,-1.6485,-1.728757,-1.964863,1.236544,0.041252,1.123991,-2.553657,1.329439,0.264214,1.327499,1.637952
R112A,-7.471144,-8.004217,-5.677798,-16.739476,-3.108075,-10.062611,-8.56635,-6.36494,-3.824714,-2.973521,-3.149628,-2.359215,-0.049004,-1.102553,-2.511143,0.164107,0.279683,1.729138,1.074197,0.356287,-1.208808,1.39574,0.043798,0.890442,-0.304513
R112S,-5.843126,-8.315523,-7.509519,-11.447828,-0.704311,-12.055372,-10.477031,-4.394459,-1.573127,-3.357366,-1.976229,-0.169951,-0.69169,0.11106099999999999,-0.48823,-0.184809,-1.457264,-0.520212,0.899396,-0.271827,-2.122978,0.345156,0.401185,1.500647,-1.414837
R108Y,-9.755944,-15.787931,-14.498855,-14.81147,-7.263332,-12.687529,-15.551589,-4.044573,-4.545859,-3.863116,-5.14822,-2.25613,0.122966,-2.737851,-2.864004,-0.717278,-0.70947,0.638091,0.855407,-0.476181,-1.877614,1.349096,-0.446247,0.966999,0.070478
R108Q,-5.001208,-5.715865,-8.161622,-7.996932,0.683039,1.19779,-0.602823,-5.788481,-4.602648,-3.521579,-2.70655,-2.198991,-0.14487,-0.44997,-0.54736,0.172476,-1.022149,0.122864,0.046342,0.80749,-0.521959,1.075961,0.106809,0.420506,0.562766
Y148I,-10.207783,-1.291157,-5.476436,-9.998787,-4.087841,-0.436766,-2.002768,-2.76458,-2.824061,-1.666784,-1.977048,-2.65159,-0.389723,-0.414813,-0.326345,0.369711,-0.098781,-0.443667,-0.140834,0.903012,-0.875184,0.028022,0.341489,0.245348,0.699937
R108G,-7.481214,-10.644531,-8.118109,-7.808586,-4.589566,-6.226454,-12.546149,-5.858657,-4.342894,-4.046114,-4.845711,-4.005585,0.137393,-0.884741,0.486957,0.325139,0.078944,0.186606,-0.272438,0.614219,0.520049,0.081647,0.500362,0.007112,0.86935
R108A,-5.331331,-4.68549,-2.188541,-1.258164,-4.240053,-6.037376,-12.367214,-1.359114,-2.167367,-2.428461,-2.373601,-1.735116,-0.334144,0.238512,-0.571465,0.551976,-0.059475,-0.144846,0.235044,0.57488,0.276491,0.268596,0.35626,0.253517,0.682668
R78K,2.183708,4.184648,1.00458,5.034962,2.640062,-1.732955,-3.903931,-4.384258,-4.055945,-2.39291,-2.443544,-1.157363,-0.34649,2.986532,-2.410241,0.626107,0.452469,1.377835,1.086258,-0.898006,1.237201,1.132408,0.956705,0.576418,-3.08153
