mutant	mean_kcat	mean_Km	mean_kcat_Km	kcat_se	Km_se	kcat_Km_se	kcat	Km	kcat_Km
A180T	4.0189446166666665	0.3620435368666667	11.111278859849234	0.4946058253801764	0.04458953247259888	0.2933314842478358	3.534576377	0.3338339593	10.58782750685844
A180T	4.0189446166666665	0.3620435368666667	11.111278859849234	0.4946058253801764	0.04458953247259888	0.2933314842478358	3.514171359	0.3028827538	11.602414845054144
A180T	4.0189446166666665	0.3620435368666667	11.111278859849234	0.4946058253801764	0.04458953247259888	0.2933314842478358	5.008086114	0.4494138975	11.143594227635116
D79A	11.922942724	3.63917642475	3.82738665569205	2.2147695644093783	1.113505180921593	0.6169813115760557	5.833883206	1.063739461	5.484315868582787
D79A	11.922942724	3.63917642475	3.82738665569205	2.2147695644093783	1.113505180921593	0.6169813115760557	16.34240443	6.457972048	2.5305783779384976
D79A	11.922942724	3.63917642475	3.82738665569205	2.2147695644093783	1.113505180921593	0.6169813115760557	13.41363212	3.885348571	3.452362606567276
D79A	11.922942724	3.63917642475	3.82738665569205	2.2147695644093783	1.113505180921593	0.6169813115760557	12.10185114	3.149645619	3.842289769679641
D79S	4.071414921888889	1.707175363633333	2.9725016806228752	0.32002872870382193	0.22591476867261231	0.5861262976268766	4.938517268	0.8170073047	6.04464273402475
D79S	4.071414921888889	1.707175363633333	2.9725016806228752	0.32002872870382193	0.22591476867261231	0.5861262976268766	4.707800561	1.025198422	4.592087209630917
D79S	4.071414921888889	1.707175363633333	2.9725016806228752	0.32002872870382193	0.22591476867261231	0.5861262976268766	4.17062493	1.510985483	2.7602018529783585
D79S	4.071414921888889	1.707175363633333	2.9725016806228752	0.32002872870382193	0.22591476867261231	0.5861262976268766	4.003266108	1.526691668	2.62218376631633
D79S	4.071414921888889	1.707175363633333	2.9725016806228752	0.32002872870382193	0.22591476867261231	0.5861262976268766	4.220267929	2.152549706	1.9605902327070357
D79S	4.071414921888889	1.707175363633333	2.9725016806228752	0.32002872870382193	0.22591476867261231	0.5861262976268766	3.999215957	1.852383073	2.158957299541249
D79S	4.071414921888889	1.707175363633333	2.9725016806228752	0.32002872870382193	0.22591476867261231	0.5861262976268766	2.608789572	2.753463858	0.9474573506459296
D79S	4.071414921888889	1.707175363633333	2.9725016806228752	0.32002872870382193	0.22591476867261231	0.5861262976268766	2.578481683	2.564335237	1.0055166133490994
D79S	4.071414921888889	1.707175363633333	2.9725016806228752	0.32002872870382193	0.22591476867261231	0.5861262976268766	5.415770289	1.161963521	4.660878066412207
F58A	8.6072102335	0.24875871875	35.79613982708865	0.5692676298094229	0.03486777140406511	2.9658792995985266	7.564399279	0.1734594373	43.60903849767072
F58A	8.6072102335	0.24875871875	35.79613982708865	0.5692676298094229	0.03486777140406511	2.9658792995985266	7.686214537	0.2099327061	36.61275405719166
F58A	8.6072102335	0.24875871875	35.79613982708865	0.5692676298094229	0.03486777140406511	2.9658792995985266	9.477687415	0.2846151713	33.30000776736528
F58A	8.6072102335	0.24875871875	35.79613982708865	0.5692676298094229	0.03486777140406511	2.9658792995985266	9.700539703	0.3270275603	29.662758986126956
G80A	8.829394193	0.30775177266666665	28.834850503076712	0.13930120815801192	0.01472270106282684	1.5642544466282169	8.831357436	0.278745778	31.682479639207305
G80A	8.829394193	0.30775177266666665	28.834850503076712	0.13930120815801192	0.01472270106282684	1.5642544466282169	9.069683351	0.3178658083	28.533057391438852
G80A	8.829394193	0.30775177266666665	28.834850503076712	0.13930120815801192	0.01472270106282684	1.5642544466282169	8.587141792	0.3266437317	26.28901447858398
H141R	7.1735024426	0.126085543064	56.30106030372384	1.1876499167872776	0.01864426552729555	3.040547181291971	9.83880892	0.158773981	61.967388220869765
H141R	7.1735024426	0.126085543064	56.30106030372384	1.1876499167872776	0.01864426552729555	3.040547181291971	9.883031364	0.1814573828	54.46475206188194
H141R	7.1735024426	0.126085543064	56.30106030372384	1.1876499167872776	0.01864426552729555	3.040547181291971	4.20475819	0.08651817457	48.59970995571596
H141R	7.1735024426	0.126085543064	56.30106030372384	1.1876499167872776	0.01864426552729555	3.040547181291971	4.956365857	0.09566493425	51.809640552802655
H141R	7.1735024426	0.126085543064	56.30106030372384	1.1876499167872776	0.01864426552729555	3.040547181291971	6.984547882	0.1080132427	64.6638107273489
K101R	8.2298123605	0.190887642525	44.71772765335648	1.222731066646348	0.01412468729626651	9.196763991771228	6.710525184	0.212507159	31.57787820221153
K101R	8.2298123605	0.190887642525	44.71772765335648	1.222731066646348	0.01412468729626651	9.196763991771228	5.589740298	0.1949290383	28.6757701507626
K101R	8.2298123605	0.190887642525	44.71772765335648	1.222731066646348	0.01412468729626651	9.196763991771228	10.23041456	0.1499404306	68.22985981207393
K101R	8.2298123605	0.190887642525	44.71772765335648	1.222731066646348	0.01412468729626651	9.196763991771228	10.3885694	0.2061739422	50.38740244837789
K132H	6.728329598666667	5.571179754	1.2056087097861603	0.4467176241726879	0.13389471317923202	0.05730904586670318	5.835037704	5.330427349	1.094666022433392
K132H	6.728329598666667	5.571179754	1.2056087097861603	0.4467176241726879	0.13389471317923202	0.05730904586670318	7.188835576	5.590007484	1.286015375932187
K132H	6.728329598666667	5.571179754	1.2056087097861603	0.4467176241726879	0.13389471317923202	0.05730904586670318	7.161115516	5.7931044290000004	1.2361447309929028
K143W	9.470221995	0.13327466046333333	71.84626112192439	0.8634088040824598	0.01674792446139004	3.477750663330636	10.02372509	0.1523166771	65.80845433897665
K143W	9.470221995	0.13327466046333333	71.84626112192439	0.8634088040824598	0.01674792446139004	3.477750663330636	10.6100332	0.1476184824	71.87469365285928
K143W	9.470221995	0.13327466046333333	71.84626112192439	0.8634088040824598	0.01674792446139004	3.477750663330636	7.776907695	0.09988882189	77.85563537393723
Q147E	7.6331000985	0.670449836825	11.63472772554782	0.6477522998423798	0.03738069740373008	1.576787146441906	6.736969267	0.7347796308	9.168693557366373
Q147E	7.6331000985	0.670449836825	11.63472772554782	0.6477522998423798	0.03738069740373008	1.576787146441906	6.541330126	0.7355772383	8.892784857124909
Q147E	7.6331000985	0.670449836825	11.63472772554782	0.6477522998423798	0.03738069740373008	1.576787146441906	7.897629648	0.6036822543	13.082428035188313
Q147E	7.6331000985	0.670449836825	11.63472772554782	0.6477522998423798	0.03738069740373008	1.576787146441906	9.356471353	0.6077602239	15.395004452511689
R108A	7.82154127825	0.189623639325	41.97903660428629	0.32394020936402285	0.01120120887623698	4.138828152287857	7.133951343	0.2145792161	33.24623639073868
R108A	7.82154127825	0.189623639325	41.97903660428629	0.32394020936402285	0.01120120887623698	4.138828152287857	7.412808813	0.2025183845	36.60314016083809
R108A	7.82154127825	0.189623639325	41.97903660428629	0.32394020936402285	0.01120120887623698	4.138828152287857	8.273672377	0.1710348281	48.37419646577819
R108A	7.82154127825	0.189623639325	41.97903660428629	0.32394020936402285	0.01120120887623698	4.138828152287857	8.46573258	0.1703621286	49.69257339979021
R108G	9.237449303333332	0.1134631272	82.30028678754653	0.16445890408791267	0.009106641293661	5.739751725593654	9.452886859	0.1314221591	71.92764845544225
R108G	9.237449303333332	0.1134631272	82.30028678754653	0.16445890408791267	0.009106641293661	5.739751725593654	9.34497501	0.1018572779	91.74577607674316
R108G	9.237449303333332	0.1134631272	82.30028678754653	0.16445890408791267	0.009106641293661	5.739751725593654	8.914486041	0.1071099446	83.22743583045416
R108I	13.20634028	3.1367771133333333	4.272077185593388	2.240591172483255	0.655393163546925	0.15161976528206472	11.02244025	2.46029183	4.480135289479054
R108I	13.20634028	3.1367771133333333	4.272077185593388	2.240591172483255	0.655393163546925	0.15161976528206472	10.90953213	2.502704815	4.359096632017308
R108I	13.20634028	3.1367771133333333	4.272077185593388	2.240591172483255	0.655393163546925	0.15161976528206472	17.68704846	4.447334695	3.9769996352838017
R108L	5.18639056225	0.30032367055	19.326487494528205	0.6294614126382375	0.07329387391415991	2.8671347666035736	4.1131697	0.1699944087	24.195911685888294
R108L	5.18639056225	0.30032367055	19.326487494528205	0.6294614126382375	0.07329387391415991	2.8671347666035736	4.263657428	0.1773283786	24.043852775632384
R108L	5.18639056225	0.30032367055	19.326487494528205	0.6294614126382375	0.07329387391415991	2.8671347666035736	5.568127183	0.4384681146	12.699046971932312
R108L	5.18639056225	0.30032367055	19.326487494528205	0.6294614126382375	0.07329387391415991	2.8671347666035736	6.800607938	0.4155037803	16.36713854465983
R108Q	9.183089296	0.1500979264	61.224147397713075	0.02546501981902682	0.00279713023099452	1.1797904128451868	9.174878094	0.1556584336	58.94237711254985
R108Q	9.183089296	0.1500979264	61.224147397713075	0.02546501981902682	0.00279713023099452	1.1797904128451868	9.230724586	0.1467862762	62.88547420756763
R108Q	9.183089296	0.1500979264	61.224147397713075	0.02546501981902682	0.00279713023099452	1.1797904128451868	9.143665208	0.1478490694	61.84459087302175
R108Y	7.833252717750001	0.218399328525	40.095486422961315	1.3946095829190128	0.06560846335199655	6.341944987642269	10.20005311	0.1934500346	52.727067902008024
R108Y	7.833252717750001	0.218399328525	40.095486422961315	1.3946095829190128	0.06560846335199655	6.341944987642269	10.29418296	0.4083110471	25.211619996847254
R108Y	7.833252717750001	0.218399328525	40.095486422961315	1.3946095829190128	0.06560846335199655	6.341944987642269	5.301452309	0.1098564905	48.257979886950785
R108Y	7.833252717750001	0.218399328525	40.095486422961315	1.3946095829190128	0.06560846335199655	6.341944987642269	5.537322492	0.1619797419	34.18527790603919
R112S	4.858958396666667	3.041153469666667	1.6675885015846417	1.2768702167532244	1.011553947034153	0.20477960908681753	6.689403255	4.947653658	1.3520354732558364
R112S	4.858958396666667	3.041153469666667	1.6675885015846417	1.2768702167532244	1.011553947034153	0.20477960908681753	5.48590858	2.674134505	2.051470698180158
R112S	4.858958396666667	3.041153469666667	1.6675885015846417	1.2768702167532244	1.011553947034153	0.20477960908681753	2.401563355	1.501672246	1.5992593333179308
R78K	4.317556307	2.06879969625	2.3770344470877087	0.732510177038635	0.5930602032714258	0.3451122479619765	3.075926184	1.030663565	2.9844134288379545
R78K	4.317556307	2.06879969625	2.3770344470877087	0.732510177038635	0.5930602032714258	0.3451122479619765	3.146532704	1.063788279	2.9578561506222427
R78K	4.317556307	2.06879969625	2.3770344470877087	0.732510177038635	0.5930602032714258	0.3451122479619765	6.078618815	3.241443534	1.875281414357656
R78K	4.317556307	2.06879969625	2.3770344470877087	0.732510177038635	0.5930602032714258	0.3451122479619765	4.969147525	2.939303407	1.690586794532981
T34A	9.8206251444	2.3280379358	4.047614274209561	3.649553478222339	0.631483731763878	0.5644660010708255	7.115416403	2.016019356	3.529438535311364
T34A	9.8206251444	2.3280379358	4.047614274209561	3.649553478222339	0.631483731763878	0.5644660010708255	7.857644035	2.280011984	3.4463169887443885
T34A	9.8206251444	2.3280379358	4.047614274209561	3.649553478222339	0.631483731763878	0.5644660010708255	3.985993049	1.560229741	2.5547475120204113
T34A	9.8206251444	2.3280379358	4.047614274209561	3.649553478222339	0.631483731763878	0.5644660010708255	5.961169075	1.06847634	5.5791306291349425
T34A	9.8206251444	2.3280379358	4.047614274209561	3.649553478222339	0.631483731763878	0.5644660010708255	24.18290316	4.715452258	5.128437705836698
T34E	8.930140410166667	1.4006595478333337	6.482010217258546	0.22888820911916785	0.08805899326419733	0.35995926749299956	8.761522377	1.512439209	5.7929749009832765
T34E	8.930140410166667	1.4006595478333337	6.482010217258546	0.22888820911916785	0.08805899326419733	0.35995926749299956	8.594350149	1.494738904	5.749733365473439
T34E	8.930140410166667	1.4006595478333337	6.482010217258546	0.22888820911916785	0.08805899326419733	0.35995926749299956	8.961824732	1.402529572	6.389758127681033
T34E	8.930140410166667	1.4006595478333337	6.482010217258546	0.22888820911916785	0.08805899326419733	0.35995926749299956	9.318881969	1.308647766	7.121000937849001
T34E	8.930140410166667	1.4006595478333337	6.482010217258546	0.22888820911916785	0.08805899326419733	0.35995926749299956	8.173740482	1.029654735	7.9383313689127055
T34E	8.930140410166667	1.4006595478333337	6.482010217258546	0.22888820911916785	0.08805899326419733	0.35995926749299956	9.770522752	1.655947101	5.900262602651822
T34G	5.0261257052	0.75141006058	7.102153883176611	0.8106189248260395	0.12454840400236092	0.994073377559144	3.991646735	0.4634619247	8.612674574257209
T34G	5.0261257052	0.75141006058	7.102153883176611	0.8106189248260395	0.12454840400236092	0.994073377559144	3.427633445	0.4484327877	7.643583473412464
T34G	5.0261257052	0.75141006058	7.102153883176611	0.8106189248260395	0.12454840400236092	0.994073377559144	4.421552925	1.017633879	4.344934869252717
T34G	5.0261257052	0.75141006058	7.102153883176611	0.8106189248260395	0.12454840400236092	0.994073377559144	5.246616136	0.991046233	5.294017535506843
T34G	5.0261257052	0.75141006058	7.102153883176611	0.8106189248260395	0.12454840400236092	0.994073377559144	8.043179285	0.8364754785	9.615558963453823
T34L	15.17425879	2.0404902253333335	7.5089905825620225	1.2714317549252756	0.09838850646190658	0.8792856227888965	14.77408911	1.921447049	7.689043066624731
T34L	15.17425879	2.0404902253333335	7.5089905825620225	1.2714317549252756	0.09838850646190658	0.8792856227888965	17.54908828	1.964319381	8.93392818385067
T34L	15.17425879	2.0404902253333335	7.5089905825620225	1.2714317549252756	0.09838850646190658	0.8792856227888965	13.19959898	2.235704246	5.904000497210667
T34Q	5.420764411	2.2163292623333333	2.499610299464431	0.1972209944801671	0.258835986561357	0.23106532086043968	5.525999966	2.427810502	2.2761249123223375
T34Q	5.420764411	2.2163292623333333	2.499610299464431	0.1972209944801671	0.258835986561357	0.23106532086043968	5.697361564	2.519789043	2.2610470427384906
T34Q	5.420764411	2.2163292623333333	2.499610299464431	0.1972209944801671	0.258835986561357	0.23106532086043968	5.038931703	1.701388242	2.961658943332465
WT	9.218079677125	0.38032879385	25.952271186420596	0.6591214965507379	0.04449072921276195	2.572990371922826	7.768999416	0.3145807725	24.696358122141746
WT	9.218079677125	0.38032879385	25.952271186420596	0.6591214965507379	0.04449072921276195	2.572990371922826	8.06472007	0.3255349173	24.77374819539827
WT	9.218079677125	0.38032879385	25.952271186420596	0.6591214965507379	0.04449072921276195	2.572990371922826	7.801459449	0.2317340912	33.66556646284248
WT	9.218079677125	0.38032879385	25.952271186420596	0.6591214965507379	0.04449072921276195	2.572990371922826	8.818662588	0.2421712894	36.414979702379206
WT	9.218079677125	0.38032879385	25.952271186420596	0.6591214965507379	0.04449072921276195	2.572990371922826	7.493835322	0.4535849289	16.521349905018855
WT	9.218079677125	0.38032879385	25.952271186420596	0.6591214965507379	0.04449072921276195	2.572990371922826	9.809295822	0.5937345281	16.521349791447303
WT	9.218079677125	0.38032879385	25.952271186420596	0.6591214965507379	0.04449072921276195	2.572990371922826	12.00171178	0.4863078585	24.679247045315844
WT	9.218079677125	0.38032879385	25.952271186420596	0.6591214965507379	0.04449072921276195	2.572990371922826	11.98595297	0.3949819649	30.34557026682106
Y157A	8.767965477	0.15286323236666666	57.69126265235815	1.8903737446863849	0.03465995086364966	4.865625077815645	12.14940528	0.2214672363	54.8587027272169
Y157A	8.767965477	0.15286323236666666	57.69126265235815	1.8903737446863849	0.03465995086364966	4.865625077815645	5.61268512	0.1099557342	51.044951505585054
Y157A	8.767965477	0.15286323236666666	57.69126265235815	1.8903737446863849	0.03465995086364966	4.865625077815645	8.541806031	0.1271667266	67.17013372427249
